<?xml version="1.0" encoding="utf-8"?>
<odoo>
    <record id="module_multi_db_sync_category" model="ir.module.category">
        <field name="name">Multi DB Sync</field>
        <field name="description">Manage multi-database synchronization</field>
        <field name="sequence">20</field>
    </record>

    <record id="group_multi_db_sync_user" model="res.groups">
        <field name="name">User</field>
        <field name="category_id" ref="module_multi_db_sync_category"/>
        <field name="implied_ids" eval="[(4, ref('base.group_user'))]"/>
    </record>

    <record id="group_multi_db_sync_manager" model="res.groups">
        <field name="name">Manager</field>
        <field name="category_id" ref="module_multi_db_sync_category"/>
        <field name="implied_ids" eval="[(4, ref('group_multi_db_sync_user'))]"/>
        <field name="users" eval="[(4, ref('base.user_root')), (4, ref('base.user_admin'))]"/>
    </record>
</odoo>